{
  "EKF": {
    "rmse": 4.367886050210071,
    "nees": 1180.0401082660933,
    "time_ms": 5.293419002555311
  },
  "UKF": {
    "rmse": 2.234073910682886,
    "nees": 6.25056185490468,
    "time_ms": 32.18099499645177
  }
}